{"app":["/app-bf10ae87beb968c2186d.js"],"component---src-pages-404-js":["/component---src-pages-404-js-1e854a486b70179b2ced.js"],"component---src-pages-about-js":["/component---src-pages-about-js-775370251a87aa930802.js"],"component---src-pages-booking-js":["/component---src-pages-booking-js-1a74db9ac9dc8ae090ec.js"],"component---src-pages-contact-js":["/component---src-pages-contact-js-c3f318af053667257b80.js"],"component---src-pages-index-js":["/component---src-pages-index-js-b21b917d37be22c5e9ce.js"],"component---src-pages-rooms-js":["/component---src-pages-rooms-js-4998a5009c5904df02ac.js"],"component---src-pages-set-availability-js":["/component---src-pages-set-availability-js-ce2e06d0dbe3b1fe8881.js"]}