{"errors":[],"warnings":["./src/pages/booking.js 1:961-977\n\"export 'GlobalSetContext' was not found in '../context/GlobalContextProvider'","./src/pages/index.js 1:873-889\n\"export 'GlobalSetContext' was not found in '../context/GlobalContextProvider'","./src/pages/booking.js 1:857-875\n\"export 'GlobalStateContext' was not found in '../context/GlobalContextProvider'","./src/pages/index.js 1:801-819\n\"export 'GlobalStateContext' was not found in '../context/GlobalContextProvider'","chunk styles [mini-css-extract-plugin]\nConflicting order. Following module has been added:\n * css ./node_modules/css-loader??ref--12-oneOf-0-1!./node_modules/postcss-loader/src??postcss-1!./src/components/layout.module.css\ndespite it was not able to fulfill desired ordering with these modules:\n * css ./node_modules/css-loader??ref--12-oneOf-0-1!./node_modules/postcss-loader/src??postcss-1!./src/pages/animation.module.css\n   - couldn't fulfill desired order of chunk group(s) component---src-pages-404-js\n   - while fulfilling desired order of chunk group(s) component---src-pages-about-js, component---src-pages-booking-js, component---src-pages-contact-js, component---src-pages-index-js, component---src-pages-rooms-js","chunk styles [mini-css-extract-plugin]\nConflicting order. Following module has been added:\n * css ./node_modules/css-loader??ref--12-oneOf-0-1!./node_modules/postcss-loader/src??postcss-1!./src/components/header.module.css\ndespite it was not able to fulfill desired ordering with these modules:\n * css ./node_modules/css-loader??ref--12-oneOf-0-1!./node_modules/postcss-loader/src??postcss-1!./src/pages/animation.module.css\n   - couldn't fulfill desired order of chunk group(s) component---src-pages-404-js\n   - while fulfilling desired order of chunk group(s) component---src-pages-about-js, component---src-pages-booking-js, component---src-pages-contact-js, component---src-pages-index-js, component---src-pages-rooms-js","chunk styles [mini-css-extract-plugin]\nConflicting order. Following module has been added:\n * css ./node_modules/css-loader??ref--12-oneOf-1-1!./node_modules/postcss-loader/src??postcss-2!./src/components/layout.css\ndespite it was not able to fulfill desired ordering with these modules:\n * css ./node_modules/css-loader??ref--12-oneOf-0-1!./node_modules/postcss-loader/src??postcss-1!./src/pages/animation.module.css\n   - couldn't fulfill desired order of chunk group(s) component---src-pages-404-js\n   - while fulfilling desired order of chunk group(s) component---src-pages-about-js, component---src-pages-booking-js, component---src-pages-contact-js, component---src-pages-index-js, component---src-pages-rooms-js","chunk styles [mini-css-extract-plugin]\nConflicting order. Following module has been added:\n * css ./node_modules/css-loader??ref--12-oneOf-1-1!./node_modules/postcss-loader/src??postcss-2!./src/components/layout.css (1)\ndespite it was not able to fulfill desired ordering with these modules:\n * css ./node_modules/css-loader??ref--12-oneOf-0-1!./node_modules/postcss-loader/src??postcss-1!./src/pages/animation.module.css\n   - couldn't fulfill desired order of chunk group(s) component---src-pages-404-js\n   - while fulfilling desired order of chunk group(s) component---src-pages-about-js, component---src-pages-booking-js, component---src-pages-contact-js, component---src-pages-index-js, component---src-pages-rooms-js","chunk styles [mini-css-extract-plugin]\nConflicting order. Following module has been added:\n * css ./node_modules/css-loader??ref--12-oneOf-0-1!./node_modules/postcss-loader/src??postcss-1!./src/pages/animation.module.css\ndespite it was not able to fulfill desired ordering with these modules:\n * css ./node_modules/css-loader??ref--12-oneOf-0-1!./node_modules/postcss-loader/src??postcss-1!./src/components/ParaContainer.module.css\n   - couldn't fulfill desired order of chunk group(s) component---src-pages-about-js, component---src-pages-booking-js\n   - while fulfilling desired order of chunk group(s) component---src-pages-index-js\n * css ./node_modules/css-loader??ref--12-oneOf-0-1!./node_modules/postcss-loader/src??postcss-1!./src/components/card.module.css\n   - couldn't fulfill desired order of chunk group(s) component---src-pages-rooms-js\n   - while fulfilling desired order of chunk group(s) component---src-pages-booking-js, component---src-pages-index-js","chunk styles [mini-css-extract-plugin]\nConflicting order. Following module has been added:\n * css ./node_modules/css-loader??ref--12-oneOf-0-1!./node_modules/postcss-loader/src??postcss-1!./src/components/ParaContainer.module.css\ndespite it was not able to fulfill desired ordering with these modules:\n * css ./node_modules/css-loader??ref--12-oneOf-0-1!./node_modules/postcss-loader/src??postcss-1!./src/components/card.module.css\n   - couldn't fulfill desired order of chunk group(s) component---src-pages-index-js\n   - while fulfilling desired order of chunk group(s) component---src-pages-booking-js","chunk styles [mini-css-extract-plugin]\nConflicting order. Following module has been added:\n * css ./node_modules/css-loader??ref--12-oneOf-0-1!./node_modules/postcss-loader/src??postcss-1!./src/components/Spinner.module.css\ndespite it was not able to fulfill desired ordering with these modules:\n * css ./node_modules/css-loader??ref--12-oneOf-0-1!./node_modules/postcss-loader/src??postcss-1!./src/components/card.module.css\n   - couldn't fulfill desired order of chunk group(s) component---src-pages-index-js\n   - while fulfilling desired order of chunk group(s) component---src-pages-booking-js"],"namedChunkGroups":{"app":{"chunks":[19,18,17,8,9],"assets":["webpack-runtime-82a9d677a4dc85a7ae73.js","webpack-runtime-82a9d677a4dc85a7ae73.js.map","framework-85ab823fcf719c336e00.js","framework-85ab823fcf719c336e00.js.map","ff239f9d-67e49793ad5a4fbe268b.js","ff239f9d-67e49793ad5a4fbe268b.js.map","484bcb1e-5bd8889af8f9af664316.js","484bcb1e-5bd8889af8f9af664316.js.map","app-bf10ae87beb968c2186d.js","app-bf10ae87beb968c2186d.js.map"],"children":{},"childAssets":{}},"component---src-pages-404-js":{"chunks":[2,0,1,7,10],"assets":["styles.d06b08b5f2711a5750f8.css","styles-d3259afcef90844d6efd.js","styles-d3259afcef90844d6efd.js.map","commons-eb533a008d68b2c4eaf9.js","commons-eb533a008d68b2c4eaf9.js.map","7b12b982c2a3786e30cc327b571c53ef03087de1-ac2cb1fd17b77a8cdd57.js","7b12b982c2a3786e30cc327b571c53ef03087de1-ac2cb1fd17b77a8cdd57.js.map","e50e9c162871c1d91fba5ce567a5656e16dc6783-b8089b8e93b288653330.js","e50e9c162871c1d91fba5ce567a5656e16dc6783-b8089b8e93b288653330.js.map","component---src-pages-404-js-1e854a486b70179b2ced.js","component---src-pages-404-js-1e854a486b70179b2ced.js.map"],"children":{},"childAssets":{}},"component---src-pages-about-js":{"chunks":[2,0,1,4,11],"assets":["styles.d06b08b5f2711a5750f8.css","styles-d3259afcef90844d6efd.js","styles-d3259afcef90844d6efd.js.map","commons-eb533a008d68b2c4eaf9.js","commons-eb533a008d68b2c4eaf9.js.map","7b12b982c2a3786e30cc327b571c53ef03087de1-ac2cb1fd17b77a8cdd57.js","7b12b982c2a3786e30cc327b571c53ef03087de1-ac2cb1fd17b77a8cdd57.js.map","e4c0f454b1c0e04ae8fab338eaab3cf17623b558-53be97462731d18e84d6.js","e4c0f454b1c0e04ae8fab338eaab3cf17623b558-53be97462731d18e84d6.js.map","component---src-pages-about-js-775370251a87aa930802.js","component---src-pages-about-js-775370251a87aa930802.js.map"],"children":{},"childAssets":{}},"component---src-pages-booking-js":{"chunks":[2,0,1,3,4,5,12],"assets":["styles.d06b08b5f2711a5750f8.css","styles-d3259afcef90844d6efd.js","styles-d3259afcef90844d6efd.js.map","commons-eb533a008d68b2c4eaf9.js","commons-eb533a008d68b2c4eaf9.js.map","7b12b982c2a3786e30cc327b571c53ef03087de1-ac2cb1fd17b77a8cdd57.js","7b12b982c2a3786e30cc327b571c53ef03087de1-ac2cb1fd17b77a8cdd57.js.map","3221c37c8ab1a35c0c448782d6a7e77b025aaf47-39ccb4f86ef2c5950bb8.js","3221c37c8ab1a35c0c448782d6a7e77b025aaf47-39ccb4f86ef2c5950bb8.js.map","e4c0f454b1c0e04ae8fab338eaab3cf17623b558-53be97462731d18e84d6.js","e4c0f454b1c0e04ae8fab338eaab3cf17623b558-53be97462731d18e84d6.js.map","6211152c492b95855c92f90a2b1d9feb92443ac6-9a8911eb49d84ff418bc.js","6211152c492b95855c92f90a2b1d9feb92443ac6-9a8911eb49d84ff418bc.js.map","component---src-pages-booking-js-1a74db9ac9dc8ae090ec.js","component---src-pages-booking-js-1a74db9ac9dc8ae090ec.js.map"],"children":{},"childAssets":{}},"component---src-pages-contact-js":{"chunks":[2,0,1,3,13],"assets":["styles.d06b08b5f2711a5750f8.css","styles-d3259afcef90844d6efd.js","styles-d3259afcef90844d6efd.js.map","commons-eb533a008d68b2c4eaf9.js","commons-eb533a008d68b2c4eaf9.js.map","7b12b982c2a3786e30cc327b571c53ef03087de1-ac2cb1fd17b77a8cdd57.js","7b12b982c2a3786e30cc327b571c53ef03087de1-ac2cb1fd17b77a8cdd57.js.map","3221c37c8ab1a35c0c448782d6a7e77b025aaf47-39ccb4f86ef2c5950bb8.js","3221c37c8ab1a35c0c448782d6a7e77b025aaf47-39ccb4f86ef2c5950bb8.js.map","component---src-pages-contact-js-c3f318af053667257b80.js","component---src-pages-contact-js-c3f318af053667257b80.js.map"],"children":{},"childAssets":{}},"component---src-pages-index-js":{"chunks":[2,0,1,3,4,5,6,7,14],"assets":["styles.d06b08b5f2711a5750f8.css","styles-d3259afcef90844d6efd.js","styles-d3259afcef90844d6efd.js.map","commons-eb533a008d68b2c4eaf9.js","commons-eb533a008d68b2c4eaf9.js.map","7b12b982c2a3786e30cc327b571c53ef03087de1-ac2cb1fd17b77a8cdd57.js","7b12b982c2a3786e30cc327b571c53ef03087de1-ac2cb1fd17b77a8cdd57.js.map","3221c37c8ab1a35c0c448782d6a7e77b025aaf47-39ccb4f86ef2c5950bb8.js","3221c37c8ab1a35c0c448782d6a7e77b025aaf47-39ccb4f86ef2c5950bb8.js.map","e4c0f454b1c0e04ae8fab338eaab3cf17623b558-53be97462731d18e84d6.js","e4c0f454b1c0e04ae8fab338eaab3cf17623b558-53be97462731d18e84d6.js.map","6211152c492b95855c92f90a2b1d9feb92443ac6-9a8911eb49d84ff418bc.js","6211152c492b95855c92f90a2b1d9feb92443ac6-9a8911eb49d84ff418bc.js.map","c81c39cbec27fc31b522d08e49a01fde17f0a9c3-4dd42114728afcc0de92.js","c81c39cbec27fc31b522d08e49a01fde17f0a9c3-4dd42114728afcc0de92.js.map","e50e9c162871c1d91fba5ce567a5656e16dc6783-b8089b8e93b288653330.js","e50e9c162871c1d91fba5ce567a5656e16dc6783-b8089b8e93b288653330.js.map","component---src-pages-index-js-b21b917d37be22c5e9ce.js","component---src-pages-index-js-b21b917d37be22c5e9ce.js.map"],"children":{},"childAssets":{}},"component---src-pages-rooms-js":{"chunks":[2,0,1,4,15],"assets":["styles.d06b08b5f2711a5750f8.css","styles-d3259afcef90844d6efd.js","styles-d3259afcef90844d6efd.js.map","commons-eb533a008d68b2c4eaf9.js","commons-eb533a008d68b2c4eaf9.js.map","7b12b982c2a3786e30cc327b571c53ef03087de1-ac2cb1fd17b77a8cdd57.js","7b12b982c2a3786e30cc327b571c53ef03087de1-ac2cb1fd17b77a8cdd57.js.map","e4c0f454b1c0e04ae8fab338eaab3cf17623b558-53be97462731d18e84d6.js","e4c0f454b1c0e04ae8fab338eaab3cf17623b558-53be97462731d18e84d6.js.map","component---src-pages-rooms-js-4998a5009c5904df02ac.js","component---src-pages-rooms-js-4998a5009c5904df02ac.js.map"],"children":{},"childAssets":{}},"component---src-pages-set-availability-js":{"chunks":[0,3,5,6,16],"assets":["commons-eb533a008d68b2c4eaf9.js","commons-eb533a008d68b2c4eaf9.js.map","3221c37c8ab1a35c0c448782d6a7e77b025aaf47-39ccb4f86ef2c5950bb8.js","3221c37c8ab1a35c0c448782d6a7e77b025aaf47-39ccb4f86ef2c5950bb8.js.map","6211152c492b95855c92f90a2b1d9feb92443ac6-9a8911eb49d84ff418bc.js","6211152c492b95855c92f90a2b1d9feb92443ac6-9a8911eb49d84ff418bc.js.map","c81c39cbec27fc31b522d08e49a01fde17f0a9c3-4dd42114728afcc0de92.js","c81c39cbec27fc31b522d08e49a01fde17f0a9c3-4dd42114728afcc0de92.js.map","component---src-pages-set-availability-js-ce2e06d0dbe3b1fe8881.js","component---src-pages-set-availability-js-ce2e06d0dbe3b1fe8881.js.map"],"children":{},"childAssets":{}}},"assetsByChunkName":{"app":["webpack-runtime-82a9d677a4dc85a7ae73.js","framework-85ab823fcf719c336e00.js","ff239f9d-67e49793ad5a4fbe268b.js","484bcb1e-5bd8889af8f9af664316.js","app-bf10ae87beb968c2186d.js"],"component---src-pages-404-js":["styles.d06b08b5f2711a5750f8.css","styles-d3259afcef90844d6efd.js","commons-eb533a008d68b2c4eaf9.js","7b12b982c2a3786e30cc327b571c53ef03087de1-ac2cb1fd17b77a8cdd57.js","e50e9c162871c1d91fba5ce567a5656e16dc6783-b8089b8e93b288653330.js","component---src-pages-404-js-1e854a486b70179b2ced.js"],"component---src-pages-about-js":["styles.d06b08b5f2711a5750f8.css","styles-d3259afcef90844d6efd.js","commons-eb533a008d68b2c4eaf9.js","7b12b982c2a3786e30cc327b571c53ef03087de1-ac2cb1fd17b77a8cdd57.js","e4c0f454b1c0e04ae8fab338eaab3cf17623b558-53be97462731d18e84d6.js","component---src-pages-about-js-775370251a87aa930802.js"],"component---src-pages-booking-js":["styles.d06b08b5f2711a5750f8.css","styles-d3259afcef90844d6efd.js","commons-eb533a008d68b2c4eaf9.js","7b12b982c2a3786e30cc327b571c53ef03087de1-ac2cb1fd17b77a8cdd57.js","3221c37c8ab1a35c0c448782d6a7e77b025aaf47-39ccb4f86ef2c5950bb8.js","e4c0f454b1c0e04ae8fab338eaab3cf17623b558-53be97462731d18e84d6.js","6211152c492b95855c92f90a2b1d9feb92443ac6-9a8911eb49d84ff418bc.js","component---src-pages-booking-js-1a74db9ac9dc8ae090ec.js"],"component---src-pages-contact-js":["styles.d06b08b5f2711a5750f8.css","styles-d3259afcef90844d6efd.js","commons-eb533a008d68b2c4eaf9.js","7b12b982c2a3786e30cc327b571c53ef03087de1-ac2cb1fd17b77a8cdd57.js","3221c37c8ab1a35c0c448782d6a7e77b025aaf47-39ccb4f86ef2c5950bb8.js","component---src-pages-contact-js-c3f318af053667257b80.js"],"component---src-pages-index-js":["styles.d06b08b5f2711a5750f8.css","styles-d3259afcef90844d6efd.js","commons-eb533a008d68b2c4eaf9.js","7b12b982c2a3786e30cc327b571c53ef03087de1-ac2cb1fd17b77a8cdd57.js","3221c37c8ab1a35c0c448782d6a7e77b025aaf47-39ccb4f86ef2c5950bb8.js","e4c0f454b1c0e04ae8fab338eaab3cf17623b558-53be97462731d18e84d6.js","6211152c492b95855c92f90a2b1d9feb92443ac6-9a8911eb49d84ff418bc.js","c81c39cbec27fc31b522d08e49a01fde17f0a9c3-4dd42114728afcc0de92.js","e50e9c162871c1d91fba5ce567a5656e16dc6783-b8089b8e93b288653330.js","component---src-pages-index-js-b21b917d37be22c5e9ce.js"],"component---src-pages-rooms-js":["styles.d06b08b5f2711a5750f8.css","styles-d3259afcef90844d6efd.js","commons-eb533a008d68b2c4eaf9.js","7b12b982c2a3786e30cc327b571c53ef03087de1-ac2cb1fd17b77a8cdd57.js","e4c0f454b1c0e04ae8fab338eaab3cf17623b558-53be97462731d18e84d6.js","component---src-pages-rooms-js-4998a5009c5904df02ac.js"],"component---src-pages-set-availability-js":["commons-eb533a008d68b2c4eaf9.js","3221c37c8ab1a35c0c448782d6a7e77b025aaf47-39ccb4f86ef2c5950bb8.js","6211152c492b95855c92f90a2b1d9feb92443ac6-9a8911eb49d84ff418bc.js","c81c39cbec27fc31b522d08e49a01fde17f0a9c3-4dd42114728afcc0de92.js","component---src-pages-set-availability-js-ce2e06d0dbe3b1fe8881.js"]}}